{"cameraMode":{"drawMode":0,"name":"Shaded","section":"Shading Mode"},"sceneLighting":true,"audioPlay":false,"sceneViewState":{"m_AlwaysRefresh":false,"showFog":true,"showSkybox":true,"showFlares":true,"showImageEffects":true,"showParticleSystems":true,"showVisualEffectGraphs":true,"m_FxEnabled":true},"in2DMode":false,"pivot":{"x":-12.65999984741211,"y":0.6700000166893005,"z":12.359999656677246},"rotation":{"x":0.27421534061431887,"y":-0.01556850504130125,"z":0.004438683390617371,"w":0.96153724193573},"size":1.4361406564712525,"orthographic":false}